county,tract_count,population,low_income_population,low_access_population,low_access_population_pct,low_income_low_access_population,low_income_low_access_population_pct,lila_tract_count,lila_tract_pct,low_access_children_pct,low_access_seniors_pct,low_access_no_vehicle_housing_units_pct,low_access_snap_housing_units_pct,rank_by_affected_low_income_count,rank_by_low_income_low_access_pct
Jefferson County,189,674721,432022,185974,27.56309645023647,133014,30.788709834221404,33,17.46031746031746,28.454827478765054,28.977724390114645,16.435811707265298,16.50241798457718,1,5
Madison County,95,388153,301347,120950,31.16039293783637,106257,35.26067954882577,8,8.421052631578947,31.477205094631593,31.76171654432524,18.71936274509804,17.21442246330568,2,2
Shelby County,55,223024,185749,80021,35.879994978118944,68184,36.70760004091543,1,1.8181818181818181,35.81475912214249,37.9125626404009,32.26250573657641,20.777279521674142,3,1
Baldwin County,43,231767,179166,55259,23.84247973179961,42834,23.907437795117378,5,11.627906976744185,22.192469977280105,26.865259420003945,23.222390317700455,23.294762484774665,4,8
Mobile County,135,414809,252177,60092,14.486667357747782,39741,15.759169154998276,13,9.62962962962963,14.974523494999056,14.262893010631078,7.588637777317023,12.177399148083188,5,18
Lee County,48,174241,115043,48766,27.987672247060107,37598,32.68169293220796,10,20.833333333333332,31.142683281741938,28.164439495174463,22.81391830559758,22.276586559217154,6,3
Tuscaloosa County,59,227036,146945,45237,19.925033915326203,36811,25.05086937289462,4,6.779661016949152,22.19445138715321,22.33991178648466,12.162162162162161,14.12533170034701,7,7
Montgomery County,71,228954,133248,48105,21.01077072250321,33781,25.351975264169067,6,8.450704225352112,20.45141382187979,20.835827392936825,10.634390651085141,11.250608799177444,8,6
Morgan County,31,123421,83913,25045,20.292332747263433,18222,21.715348039040435,2,6.451612903225806,20.572021764032073,20.49606017191977,14.573510501500214,13.107928047968022,9,10
Calhoun County,38,116441,66621,24288,20.858632268702603,14618,21.942030290749162,10,26.31578947368421,21.203212984431932,22.308302608857982,18.921739130434784,22.663522402879483,10,9
Limestone County,23,103570,81077,14838,14.32654243506807,12769,15.749226044377567,1,4.3478260869565215,16.573033707865168,12.409381663113006,7.904022582921666,10.05524861878453,11,19
Houston County,26,107202,66396,13266,12.374769127441652,9301,14.00837399843364,1,3.8461538461538463,11.69571591464408,13.371174728529121,10.79700272479564,7.811602527283171,12,22
Etowah County,33,103436,61532,15156,14.652538767933795,8612,13.995969576805564,3,9.090909090909092,14.201209948465157,16.564774381368267,12.94049682264587,13.656244937631621,13,23
Marshall County,26,97612,61435,14890,15.25427201573577,8284,13.48417026125173,2,7.6923076923076925,16.18221077983556,14.139663836423496,15.869017632241814,15.647163120567376,14,24
Autauga County,17,58805,42372,9950,16.920329903919736,6778,15.996412725384689,1,5.882352941176471,16.370256266629323,17.8946229579141,13.51636747624076,18.33648393194707,15,16
Coffee County,16,53465,35880,8139,15.22304311231647,6297,17.55016722408027,1,6.25,16.54715940430226,13.712876594832208,11.03202846975089,6.495655771617708,16,13
Talladega County,24,82149,46464,10232,12.455416377557853,6020,12.956267217630854,4,16.666666666666668,13.535766423357664,12.001316655694536,11.61987041036717,10.355081336365226,17,28
Russell County,18,59183,32203,10045,16.972779345420136,5859,18.19395708474366,7,38.888888888888886,16.852847883050615,18.12852800694746,17.377731529656607,19.422517656834234,18,12
Elmore County,20,87977,62693,7536,8.565875171919934,5295,8.44591900212145,1,5.0,9.20830697870546,8.11234576317404,7.816711590296496,9.523809523809524,19,35
Lauderdale County,26,93564,64462,7365,7.871617288700782,5268,8.172256523222984,1,3.8461538461538463,7.230917667238422,9.368432114333753,3.616273229532898,5.6050955414012735,20,37
St. Clair County,24,91103,66917,5486,6.0217555953151924,4438,6.632096477726138,0,0.0,5.2734282042739515,7.202722288739051,5.188679245283019,3.687353934043106,21,43
Chilton County,12,45014,28985,6666,14.808726174079176,3829,13.21028117992065,1,8.333333333333334,14.91203311694421,15.704088254380272,13.375796178343949,17.87217757367011,22,25
Colbert County,15,57227,38783,4516,7.891379943033883,3549,9.150916638733465,1,6.666666666666667,7.6384887645073665,8.654775503031368,6.840684068406841,6.2019914651493595,23,32
Cullman County,22,87866,56340,3981,4.530762752372931,3114,5.527156549520766,2,9.090909090909092,4.667278100478956,4.532067079401334,6.500445235975067,3.9082412914188613,24,49
Franklin County,11,32113,17735,4548,14.16248871173668,2504,14.118973780659713,1,9.090909090909092,15.961867514055243,12.506816942374114,12.958963282937365,17.560771165129925,25,21
Macon County,12,19532,8033,7772,39.79111202129838,2498,31.096726005228433,5,41.666666666666664,35.45069570477919,32.71004098360656,53.768115942028984,46.07449856733524,26,4
Walker County,20,65342,39399,3778,5.7818860763368125,2373,6.02299550750019,1,5.0,5.83546617915905,6.379028664785386,11.137629276054097,10.242290748898679,27,47
Dallas County,17,38462,16719,4303,11.187665748011025,2180,13.039057359889945,2,11.764705882352942,11.14250197762459,11.526351813826146,10.638297872340425,11.118820468343452,28,26
Jackson County,16,52579,30141,3804,7.234827592765172,2142,7.106598984771574,2,12.5,7.13162519655906,7.177076742294133,7.992565055762082,8.773234200743495,29,41
Chambers County,9,34772,19163,4042,11.62429541010008,2048,10.687261910974273,3,33.333333333333336,12.920784987824094,10.658482142857142,8.646998982706002,11.401098901098901,30,30
Marengo County,8,19323,10498,3561,18.428815401335196,1970,18.765479138883595,1,12.5,20.866510538641688,16.696315120711564,23.200992555831267,27.697262479871174,31,11
Dale County,14,49326,28758,3758,7.618700077038478,1879,6.533834063564921,1,7.142857142857143,6.907253059053024,9.706916764361079,9.08289241622575,10.695628265053616,32,44
Monroe County,9,19772,11104,2475,12.517701800525996,1589,14.310158501440922,2,22.22222222222222,12.137767220902612,13.704339298847756,13.738019169329073,15.922330097087379,33,20
Barbour County,9,25223,11336,2783,11.033580462276493,1242,10.956245589273113,2,22.22222222222222,12.694045981528788,10.640799529688419,12.421711899791232,11.322696860524962,34,29
Pike County,11,33009,16705,2132,6.458844557544912,1239,7.416941035618079,0,0.0,7.306451612903226,6.478252890438613,3.2078103207810322,4.77751756440281,35,39
Tallapoosa County,12,41311,25073,2320,5.615937643726852,1222,4.873768595700555,1,8.333333333333334,6.434510181949633,4.722461273666093,5.763397371081901,8.12720848056537,36,50
Escambia County,10,36757,18421,2046,5.566286693690998,1106,6.0040171543347265,1,10.0,5.573209484233684,6.009547879809042,1.771117166212534,4.531410916580844,37,48
Clarke County,9,23087,13522,1523,6.5967860700827305,937,6.929448306463541,0,0.0,6.986357999173212,6.161825726141079,6.639427987742595,7.060010085728694,38,42
Wilcox County,5,10600,4902,1797,16.952830188679247,860,17.54385964912281,2,40.0,17.22222222222222,17.385383567862007,14.5,19.41135248773651,39,14
Washington County,5,15388,9641,1563,10.157265401611646,839,8.702416761746706,0,0.0,10.099788327789538,10.328927144174608,5.592105263157895,9.500609013398295,40,33
Conecuh County,5,11597,5377,1435,12.37388979908597,700,13.01841175376604,1,20.0,13.10344827586207,12.439297721329847,12.992125984251969,12.698412698412698,41,27
Sumter County,5,12345,4358,1780,14.418793033616849,688,15.787058283616338,1,20.0,15.096668037844509,14.802065404475043,12.008733624454148,14.547926580557444,42,17
Covington County,14,37570,20965,1282,3.4122970455150385,631,3.009778201764846,1,7.142857142857143,3.5194916289869242,3.2950939711984377,2.5136612021857925,3.314121037463977,43,54
Butler County,9,19051,10225,1199,6.293632880163771,621,6.0733496332518335,1,11.11111111111111,6.726133076181292,5.620723362658847,8.869179600886918,7.850609756097561,44,46
Choctaw County,4,12665,7128,1136,8.969601263324122,610,8.557800224466892,1,25.0,9.090909090909092,8.99379738111647,8.478260869565217,8.383961117861482,45,34
Hale County,7,14785,8375,1091,7.379100439634765,607,7.2477611940298505,0,0.0,7.238037552998183,8.129215477458288,6.022187004754358,5.038265306122449,46,40
Pickens County,6,19123,9448,1112,5.814987188202688,593,6.276460626587638,0,0.0,6.447225244831339,6.189352216102806,7.484407484407485,5.8260175578611335,47,45
Perry County,4,8511,2711,1058,12.430971683703442,454,16.746587974917006,2,50.0,10.446075663466967,16.238317757009344,5.109489051094891,8.42745438748914,48,15
Coosa County,3,10387,5876,657,6.32521421007028,449,7.641252552756978,0,0.0,5.997757847533633,6.791666666666667,4.135338345864661,6.424581005586592,49,38
Winston County,8,23540,13166,648,2.7527612574341545,399,3.0305331915540026,0,0.0,2.5136154168412235,2.8782574873590043,2.1459227467811157,2.3238925199709515,50,53
Crenshaw County,6,13194,7691,608,4.608155222070638,344,4.472760369262775,0,0.0,4.763585038814397,4.5993532159540065,4.699738903394256,5.887764489420423,51,51
Bullock County,4,10357,2944,712,6.874577580380419,311,10.563858695652174,1,25.0,6.5967016491754125,9.364908503767492,6.267029972752043,5.657370517928287,52,31
Marion County,11,29341,17282,514,1.751814866568965,294,1.701191991667631,0,0.0,1.727826230047721,1.7196200458565345,2.48868778280543,2.1727322107550244,53,59
Bibb County,8,22293,11509,567,2.5433992733144932,277,2.4068120601268572,0,0.0,2.100840336134454,2.267699115044248,2.8708133971291865,1.6959798994974875,54,58
Henry County,6,17146,10791,416,2.4262218593257905,264,2.4464831804281344,0,0.0,2.3680456490727533,2.482792527040315,1.509433962264151,1.9057171514543632,55,56
Clay County,4,14236,8204,394,2.7676313571227875,242,2.9497805948317892,0,0.0,2.7919645897173986,2.633311389071758,1.7699115044247788,2.657004830917874,56,55
Cherokee County,8,24971,15209,334,1.3375515598093788,230,1.5122624761654284,0,0.0,1.499375260308205,1.1574468085106382,0.35335689045936397,1.2488849241748439,57,60
Fayette County,5,16321,9449,366,2.2425096501439863,228,2.412953751719759,0,0.0,2.2946175637393766,2.0815752461322083,2.109704641350211,2.224199288256228,58,57
Greene County,4,7730,2676,633,8.188874514877103,226,8.44544095665172,1,25.0,7.108433734939759,8.32356389214537,6.511627906976744,7.968901846452867,59,36
Lowndes County,4,10311,4372,532,5.159538357094365,192,4.391582799634035,0,0.0,5.374753451676528,4.981378026070764,5.555555555555555,7.841552142279709,60,52
Lawrence County,11,33073,21355,189,0.5714631270220422,139,0.6509014282369469,0,0.0,0.5837387074357192,0.5411427661944931,0.3367003367003367,0.5342399222923749,61,62
Blount County,16,59134,39816,178,0.30101126255622823,115,0.2888286116134217,0,0.0,0.305877212147695,0.2905393136008716,0.33444816053511706,0.4027828634199927,62,65
DeKalb County,21,71608,37066,229,0.31979667076304324,109,0.29407003723088543,0,0.0,0.29963817277250115,0.357540123947243,0.36663611365719523,0.3241841365895829,63,64
Lamar County,4,13972,7551,134,0.9590609791010593,74,0.9800026486558072,0,0.0,1.015916017609211,0.9020618556701031,0.9646302250803859,1.053639846743295,64,61
Cleburne County,4,15056,9594,84,0.5579171094580234,52,0.5420054200542005,0,0.0,0.5529685681024447,0.5427408412483039,0.29673590504451036,0.461361014994233,65,63
Geneva County,6,26659,14814,68,0.2550733335834052,32,0.21601188065343593,0,0.0,0.25689330364788493,0.2846975088967972,0.15698587127158556,0.20565552699228792,66,67
Randolph County,6,21967,13031,59,0.26858469522465517,31,0.2378942521679073,0,0.0,0.2764193068254306,0.24059492563429571,0.0,0.22975301550832855,67,66

